{"dateMessage":"【欠席連絡】\n・与田祐希(1~4部)","timezones":[{"e_id":"e20100353","long_messsage":null,"short_message":null,"firebase_db_url":"https://fortunemeets-prod.firebaseio.com/","members":{"SC201003530018":{"totalCount":0,"totalWait":0,"firebaseDbUrl":"https://fortunemeets-prod-63.firebaseio.com/"},"SC201003530019":{"totalCount":0,"totalWait":0,"firebaseDbUrl":"https://fortunemeets-prod-64.firebaseio.com/"},"SC201003530021":{"totalCount":0,"totalWait":0,"firebaseDbUrl":"https://fortunemeets-prod-65.firebaseio.com/"},"SC201003530028":{"totalCount":0,"totalWait":0,"firebaseDbUrl":"https://fortunemeets-prod-66.firebaseio.com/"},"SC201003530029":{"totalCount":0,"totalWait":0,"firebaseDbUrl":"https://fortunemeets-prod-67.firebaseio.com/"},"SC201003530030":{"totalCount":0,"totalWait":0,"firebaseDbUrl":"https://fortunemeets-prod-68.firebaseio.com/"},"SC201003530038":{"totalCount":0,"totalWait":0,"firebaseDbUrl":"https://fortunemeets-prod-69.firebaseio.com/"},"SC201003530045":{"totalCount":0,"totalWait":0,"firebaseDbUrl":"https://fortunemeets-prod-70.firebaseio.com/"},"SC201003530046":{"totalCount":0,"totalWait":0,"firebaseDbUrl":"https://fortunemeets-prod-71.firebaseio.com/"},"SC201003530047":{"totalCount":0,"totalWait":0,"firebaseDbUrl":"https://fortunemeets-prod-72.firebaseio.com/"},"SC201003530048":{"totalCount":0,"totalWait":0,"firebaseDbUrl":"https://fortunemeets-prod-73.firebaseio.com/"},"SC201003530052":{"totalCount":0,"totalWait":0,"firebaseDbUrl":"https://fortunemeets-prod-74.firebaseio.com/"},"SC201003530042":{"totalCount":0,"totalWait":0,"firebaseDbUrl":"https://fortunemeets-prod-75.firebaseio.com/"},"SC201003530055":{"totalCount":0,"totalWait":0,"firebaseDbUrl":"https://fortunemeets-prod-76.firebaseio.com/"},"SC201003530027":{"totalCount":0,"totalWait":0,"firebaseDbUrl":"https://fortunemeets-prod-77.firebaseio.com/"},"SC201003530054":{"totalCount":0,"totalWait":0,"firebaseDbUrl":"https://fortunemeets-prod-78.firebaseio.com/"},"SC201003530024":{"totalCount":0,"totalWait":0,"firebaseDbUrl":"https://fortunemeets-prod-79.firebaseio.com/"},"SC201003530032":{"totalCount":0,"totalWait":0,"firebaseDbUrl":"https://fortunemeets-prod-80.firebaseio.com/"},"SC201003530017":{"totalCount":0,"totalWait":0,"firebaseDbUrl":"https://fortunemeets-prod-81.firebaseio.com/"},"SC201003530043":{"totalCount":0,"totalWait":0,"firebaseDbUrl":"https://fortunemeets-prod-82.firebaseio.com/"},"SC201003530022":{"totalCount":0,"totalWait":0,"firebaseDbUrl":"https://fortunemeets-prod-83.firebaseio.com/"},"SC201003530053":{"totalCount":0,"totalWait":0,"firebaseDbUrl":"https://fortunemeets-prod-84.firebaseio.com/"},"SC201003530025":{"totalCount":0,"totalWait":0,"firebaseDbUrl":"https://fortunemeets-prod-85.firebaseio.com/"},"SC201003530050":{"totalCount":0,"totalWait":0,"firebaseDbUrl":"https://fortunemeets-prod-86.firebaseio.com/"},"SC201003530037":{"totalCount":0,"totalWait":0,"firebaseDbUrl":"https://fortunemeets-prod-87.firebaseio.com/"},"SC201003530051":{"totalCount":0,"totalWait":0,"firebaseDbUrl":"https://fortunemeets-prod-88.firebaseio.com/"},"SC201003530039":{"totalCount":0,"totalWait":0,"firebaseDbUrl":"https://fortunemeets-prod-89.firebaseio.com/"},"SC201003530049":{"totalCount":0,"totalWait":0,"firebaseDbUrl":"https://fortunemeets-prod-1.firebaseio.com/"},"SC201003530023":{"totalCount":0,"totalWait":0,"firebaseDbUrl":"https://fortunemeets-prod-2.firebaseio.com/"},"SC201003530036":{"totalCount":0,"totalWait":0,"firebaseDbUrl":"https://fortunemeets-prod-3.firebaseio.com/"},"SC201003530034":{"totalCount":0,"totalWait":0,"firebaseDbUrl":"https://fortunemeets-prod-4.firebaseio.com/"},"SC201003530044":{"totalCount":0,"totalWait":0,"firebaseDbUrl":"https://fortunemeets-prod-5.firebaseio.com/"},"SC201003530035":{"totalCount":0,"totalWait":0,"firebaseDbUrl":"https://fortunemeets-prod-6.firebaseio.com/"},"SC201003530041":{"totalCount":0,"totalWait":0,"firebaseDbUrl":"https://fortunemeets-prod-7.firebaseio.com/"}}},{"e_id":"e20100354","long_messsage":null,"short_message":null,"firebase_db_url":"https://fortunemeets-prod.firebaseio.com/","members":{"SC201003540018":{"totalCount":0,"totalWait":0,"firebaseDbUrl":"https://fortunemeets-prod-63.firebaseio.com/"},"SC201003540019":{"totalCount":0,"totalWait":0,"firebaseDbUrl":"https://fortunemeets-prod-64.firebaseio.com/"},"SC201003540021":{"totalCount":0,"totalWait":0,"firebaseDbUrl":"https://fortunemeets-prod-65.firebaseio.com/"},"SC201003540028":{"totalCount":0,"totalWait":0,"firebaseDbUrl":"https://fortunemeets-prod-66.firebaseio.com/"},"SC201003540029":{"totalCount":0,"totalWait":0,"firebaseDbUrl":"https://fortunemeets-prod-67.firebaseio.com/"},"SC201003540030":{"totalCount":0,"totalWait":0,"firebaseDbUrl":"https://fortunemeets-prod-68.firebaseio.com/"},"SC201003540038":{"totalCount":0,"totalWait":0,"firebaseDbUrl":"https://fortunemeets-prod-69.firebaseio.com/"},"SC201003540045":{"totalCount":0,"totalWait":0,"firebaseDbUrl":"https://fortunemeets-prod-70.firebaseio.com/"},"SC201003540046":{"totalCount":0,"totalWait":0,"firebaseDbUrl":"https://fortunemeets-prod-71.firebaseio.com/"},"SC201003540047":{"totalCount":0,"totalWait":0,"firebaseDbUrl":"https://fortunemeets-prod-72.firebaseio.com/"},"SC201003540048":{"totalCount":0,"totalWait":0,"firebaseDbUrl":"https://fortunemeets-prod-73.firebaseio.com/"},"SC201003540052":{"totalCount":0,"totalWait":0,"firebaseDbUrl":"https://fortunemeets-prod-74.firebaseio.com/"},"SC201003540042":{"totalCount":0,"totalWait":0,"firebaseDbUrl":"https://fortunemeets-prod-75.firebaseio.com/"},"SC201003540055":{"totalCount":0,"totalWait":0,"firebaseDbUrl":"https://fortunemeets-prod-76.firebaseio.com/"},"SC201003540027":{"totalCount":0,"totalWait":0,"firebaseDbUrl":"https://fortunemeets-prod-77.firebaseio.com/"},"SC201003540054":{"totalCount":0,"totalWait":0,"firebaseDbUrl":"https://fortunemeets-prod-78.firebaseio.com/"},"SC201003540024":{"totalCount":0,"totalWait":0,"firebaseDbUrl":"https://fortunemeets-prod-79.firebaseio.com/"},"SC201003540032":{"totalCount":0,"totalWait":0,"firebaseDbUrl":"https://fortunemeets-prod-80.firebaseio.com/"},"SC201003540017":{"totalCount":0,"totalWait":0,"firebaseDbUrl":"https://fortunemeets-prod-81.firebaseio.com/"},"SC201003540043":{"totalCount":0,"totalWait":0,"firebaseDbUrl":"https://fortunemeets-prod-82.firebaseio.com/"},"SC201003540022":{"totalCount":0,"totalWait":0,"firebaseDbUrl":"https://fortunemeets-prod-83.firebaseio.com/"},"SC201003540053":{"totalCount":0,"totalWait":0,"firebaseDbUrl":"https://fortunemeets-prod-84.firebaseio.com/"},"SC201003540025":{"totalCount":0,"totalWait":0,"firebaseDbUrl":"https://fortunemeets-prod-85.firebaseio.com/"},"SC201003540050":{"totalCount":0,"totalWait":0,"firebaseDbUrl":"https://fortunemeets-prod-86.firebaseio.com/"},"SC201003540037":{"totalCount":0,"totalWait":0,"firebaseDbUrl":"https://fortunemeets-prod-87.firebaseio.com/"},"SC201003540051":{"totalCount":0,"totalWait":0,"firebaseDbUrl":"https://fortunemeets-prod-88.firebaseio.com/"},"SC201003540039":{"totalCount":0,"totalWait":0,"firebaseDbUrl":"https://fortunemeets-prod-89.firebaseio.com/"},"SC201003540049":{"totalCount":0,"totalWait":0,"firebaseDbUrl":"https://fortunemeets-prod-1.firebaseio.com/"},"SC201003540023":{"totalCount":0,"totalWait":0,"firebaseDbUrl":"https://fortunemeets-prod-2.firebaseio.com/"},"SC201003540036":{"totalCount":0,"totalWait":0,"firebaseDbUrl":"https://fortunemeets-prod-3.firebaseio.com/"},"SC201003540034":{"totalCount":0,"totalWait":0,"firebaseDbUrl":"https://fortunemeets-prod-4.firebaseio.com/"},"SC201003540044":{"totalCount":0,"totalWait":0,"firebaseDbUrl":"https://fortunemeets-prod-5.firebaseio.com/"},"SC201003540035":{"totalCount":0,"totalWait":0,"firebaseDbUrl":"https://fortunemeets-prod-6.firebaseio.com/"},"SC201003540041":{"totalCount":0,"totalWait":0,"firebaseDbUrl":"https://fortunemeets-prod-7.firebaseio.com/"}}},{"e_id":"e20100355","long_messsage":null,"short_message":null,"firebase_db_url":"https://fortunemeets-prod.firebaseio.com/","members":{"SC201003550018":{"totalCount":11,"totalWait":602.5,"firebaseDbUrl":"https://fortunemeets-prod-63.firebaseio.com/"},"SC201003550019":{"totalCount":12,"totalWait":546,"firebaseDbUrl":"https://fortunemeets-prod-64.firebaseio.com/"},"SC201003550021":{"totalCount":13,"totalWait":525.5,"firebaseDbUrl":"https://fortunemeets-prod-65.firebaseio.com/"},"SC201003550028":{"totalCount":0,"totalWait":0,"firebaseDbUrl":"https://fortunemeets-prod-66.firebaseio.com/"},"SC201003550029":{"totalCount":4,"totalWait":224,"firebaseDbUrl":"https://fortunemeets-prod-67.firebaseio.com/"},"SC201003550030":{"totalCount":12,"totalWait":519,"firebaseDbUrl":"https://fortunemeets-prod-68.firebaseio.com/"},"SC201003550038":{"totalCount":7,"totalWait":324.5,"firebaseDbUrl":"https://fortunemeets-prod-69.firebaseio.com/"},"SC201003550045":{"totalCount":7,"totalWait":450.5,"firebaseDbUrl":"https://fortunemeets-prod-70.firebaseio.com/"},"SC201003550046":{"totalCount":9,"totalWait":418.5,"firebaseDbUrl":"https://fortunemeets-prod-71.firebaseio.com/"},"SC201003550047":{"totalCount":10,"totalWait":344,"firebaseDbUrl":"https://fortunemeets-prod-72.firebaseio.com/"},"SC201003550048":{"totalCount":5,"totalWait":284.5,"firebaseDbUrl":"https://fortunemeets-prod-73.firebaseio.com/"},"SC201003550052":{"totalCount":8,"totalWait":340,"firebaseDbUrl":"https://fortunemeets-prod-74.firebaseio.com/"},"SC201003550042":{"totalCount":4,"totalWait":116,"firebaseDbUrl":"https://fortunemeets-prod-75.firebaseio.com/"},"SC201003550055":{"totalCount":10,"totalWait":281,"firebaseDbUrl":"https://fortunemeets-prod-76.firebaseio.com/"},"SC201003550027":{"totalCount":12,"totalWait":546,"firebaseDbUrl":"https://fortunemeets-prod-77.firebaseio.com/"},"SC201003550054":{"totalCount":3,"totalWait":82.5,"firebaseDbUrl":"https://fortunemeets-prod-78.firebaseio.com/"},"SC201003550024":{"totalCount":4,"totalWait":242,"firebaseDbUrl":"https://fortunemeets-prod-79.firebaseio.com/"},"SC201003550032":{"totalCount":5,"totalWait":221.5,"firebaseDbUrl":"https://fortunemeets-prod-80.firebaseio.com/"},"SC201003550017":{"totalCount":1,"totalWait":96.5,"firebaseDbUrl":"https://fortunemeets-prod-81.firebaseio.com/"},"SC201003550043":{"totalCount":3,"totalWait":64.5,"firebaseDbUrl":"https://fortunemeets-prod-82.firebaseio.com/"},"SC201003550022":{"totalCount":17,"totalWait":488.5,"firebaseDbUrl":"https://fortunemeets-prod-83.firebaseio.com/"},"SC201003550053":{"totalCount":6,"totalWait":102,"firebaseDbUrl":"https://fortunemeets-prod-84.firebaseio.com/"},"SC201003550025":{"totalCount":18,"totalWait":513,"firebaseDbUrl":"https://fortunemeets-prod-85.firebaseio.com/"},"SC201003550050":{"totalCount":8,"totalWait":241,"firebaseDbUrl":"https://fortunemeets-prod-86.firebaseio.com/"},"SC201003550037":{"totalCount":3,"totalWait":199.5,"firebaseDbUrl":"https://fortunemeets-prod-87.firebaseio.com/"},"SC201003550051":{"totalCount":7,"totalWait":252.5,"firebaseDbUrl":"https://fortunemeets-prod-88.firebaseio.com/"},"SC201003550039":{"totalCount":27,"totalWait":625.5,"firebaseDbUrl":"https://fortunemeets-prod-89.firebaseio.com/"},"SC201003550049":{"totalCount":2,"totalWait":31,"firebaseDbUrl":"https://fortunemeets-prod-1.firebaseio.com/"},"SC201003550023":{"totalCount":5,"totalWait":257.5,"firebaseDbUrl":"https://fortunemeets-prod-2.firebaseio.com/"},"SC201003550036":{"totalCount":5,"totalWait":212.5,"firebaseDbUrl":"https://fortunemeets-prod-3.firebaseio.com/"},"SC201003550034":{"totalCount":8,"totalWait":277,"firebaseDbUrl":"https://fortunemeets-prod-4.firebaseio.com/"},"SC201003550044":{"totalCount":3,"totalWait":118.5,"firebaseDbUrl":"https://fortunemeets-prod-5.firebaseio.com/"},"SC201003550035":{"totalCount":12,"totalWait":438,"firebaseDbUrl":"https://fortunemeets-prod-6.firebaseio.com/"},"SC201003550041":{"totalCount":2,"totalWait":76,"firebaseDbUrl":"https://fortunemeets-prod-7.firebaseio.com/"}}},{"e_id":"e20100356","long_messsage":null,"short_message":null,"firebase_db_url":"https://fortunemeets-prod.firebaseio.com/","members":{"SC201003560018":{"totalCount":0,"totalWait":0,"firebaseDbUrl":"https://fortunemeets-prod-63.firebaseio.com/"},"SC201003560019":{"totalCount":0,"totalWait":0,"firebaseDbUrl":"https://fortunemeets-prod-64.firebaseio.com/"},"SC201003560021":{"totalCount":0,"totalWait":0,"firebaseDbUrl":"https://fortunemeets-prod-65.firebaseio.com/"},"SC201003560028":{"totalCount":0,"totalWait":0,"firebaseDbUrl":"https://fortunemeets-prod-66.firebaseio.com/"},"SC201003560029":{"totalCount":0,"totalWait":0,"firebaseDbUrl":"https://fortunemeets-prod-67.firebaseio.com/"},"SC201003560030":{"totalCount":0,"totalWait":0,"firebaseDbUrl":"https://fortunemeets-prod-68.firebaseio.com/"},"SC201003560038":{"totalCount":0,"totalWait":0,"firebaseDbUrl":"https://fortunemeets-prod-69.firebaseio.com/"},"SC201003560045":{"totalCount":0,"totalWait":0,"firebaseDbUrl":"https://fortunemeets-prod-70.firebaseio.com/"},"SC201003560046":{"totalCount":0,"totalWait":0,"firebaseDbUrl":"https://fortunemeets-prod-71.firebaseio.com/"},"SC201003560047":{"totalCount":0,"totalWait":0,"firebaseDbUrl":"https://fortunemeets-prod-72.firebaseio.com/"},"SC201003560048":{"totalCount":0,"totalWait":0,"firebaseDbUrl":"https://fortunemeets-prod-73.firebaseio.com/"},"SC201003560052":{"totalCount":0,"totalWait":0,"firebaseDbUrl":"https://fortunemeets-prod-74.firebaseio.com/"},"SC201003560042":{"totalCount":0,"totalWait":0,"firebaseDbUrl":"https://fortunemeets-prod-75.firebaseio.com/"},"SC201003560055":{"totalCount":0,"totalWait":0,"firebaseDbUrl":"https://fortunemeets-prod-76.firebaseio.com/"},"SC201003560027":{"totalCount":0,"totalWait":0,"firebaseDbUrl":"https://fortunemeets-prod-77.firebaseio.com/"},"SC201003560054":{"totalCount":0,"totalWait":0,"firebaseDbUrl":"https://fortunemeets-prod-78.firebaseio.com/"},"SC201003560024":{"totalCount":0,"totalWait":0,"firebaseDbUrl":"https://fortunemeets-prod-79.firebaseio.com/"},"SC201003560032":{"totalCount":0,"totalWait":0,"firebaseDbUrl":"https://fortunemeets-prod-80.firebaseio.com/"},"SC201003560017":{"totalCount":0,"totalWait":0,"firebaseDbUrl":"https://fortunemeets-prod-81.firebaseio.com/"},"SC201003560043":{"totalCount":0,"totalWait":0,"firebaseDbUrl":"https://fortunemeets-prod-82.firebaseio.com/"},"SC201003560022":{"totalCount":0,"totalWait":0,"firebaseDbUrl":"https://fortunemeets-prod-83.firebaseio.com/"},"SC201003560053":{"totalCount":0,"totalWait":0,"firebaseDbUrl":"https://fortunemeets-prod-84.firebaseio.com/"},"SC201003560025":{"totalCount":0,"totalWait":0,"firebaseDbUrl":"https://fortunemeets-prod-85.firebaseio.com/"},"SC201003560050":{"totalCount":0,"totalWait":0,"firebaseDbUrl":"https://fortunemeets-prod-86.firebaseio.com/"},"SC201003560037":{"totalCount":0,"totalWait":0,"firebaseDbUrl":"https://fortunemeets-prod-87.firebaseio.com/"},"SC201003560051":{"totalCount":0,"totalWait":0,"firebaseDbUrl":"https://fortunemeets-prod-88.firebaseio.com/"},"SC201003560039":{"totalCount":0,"totalWait":0,"firebaseDbUrl":"https://fortunemeets-prod-89.firebaseio.com/"},"SC201003560049":{"totalCount":0,"totalWait":0,"firebaseDbUrl":"https://fortunemeets-prod-1.firebaseio.com/"},"SC201003560023":{"totalCount":0,"totalWait":0,"firebaseDbUrl":"https://fortunemeets-prod-2.firebaseio.com/"},"SC201003560036":{"totalCount":0,"totalWait":0,"firebaseDbUrl":"https://fortunemeets-prod-3.firebaseio.com/"},"SC201003560034":{"totalCount":0,"totalWait":0,"firebaseDbUrl":"https://fortunemeets-prod-4.firebaseio.com/"},"SC201003560044":{"totalCount":0,"totalWait":0,"firebaseDbUrl":"https://fortunemeets-prod-5.firebaseio.com/"},"SC201003560035":{"totalCount":0,"totalWait":0,"firebaseDbUrl":"https://fortunemeets-prod-6.firebaseio.com/"},"SC201003560041":{"totalCount":0,"totalWait":0,"firebaseDbUrl":"https://fortunemeets-prod-7.firebaseio.com/"}}}]}