{"dateMessage":"齋藤　冬優花につきまして、体調不良のため第1部～第6部を欠席とさせていただきます。","timezones":[{"e_id":"e24082","long_messsage":null,"short_message":null,"firebase_db_url":"https://fortunemeets-prod.firebaseio.com/","members":{"ZZFA000077634":{"totalCount":0,"totalWait":0,"firebaseDbUrl":"https://fortunemeets-prod-25.firebaseio.com/"},"ZZFA000077635":{"totalCount":0,"totalWait":0,"firebaseDbUrl":"https://fortunemeets-prod-26.firebaseio.com/"},"ZZFA000077636":{"totalCount":0,"totalWait":0,"firebaseDbUrl":"https://fortunemeets-prod-27.firebaseio.com/"},"ZZFA000077637":{"totalCount":0,"totalWait":0,"firebaseDbUrl":"https://fortunemeets-prod-28.firebaseio.com/"},"ZZFA000077638":{"totalCount":0,"totalWait":0,"firebaseDbUrl":"https://fortunemeets-prod-29.firebaseio.com/"},"ZZFA000077639":{"totalCount":0,"totalWait":0,"firebaseDbUrl":"https://fortunemeets-prod-30.firebaseio.com/"},"ZZFA000077640":{"totalCount":0,"totalWait":0,"firebaseDbUrl":"https://fortunemeets-prod-31.firebaseio.com/"},"ZZFA000077641":{"totalCount":0,"totalWait":0,"firebaseDbUrl":"https://fortunemeets-prod-32.firebaseio.com/"},"ZZFA000077642":{"totalCount":0,"totalWait":0,"firebaseDbUrl":"https://fortunemeets-prod-33.firebaseio.com/"},"ZZFA000077643":{"totalCount":0,"totalWait":0,"firebaseDbUrl":"https://fortunemeets-prod-34.firebaseio.com/"},"ZZFA000077644":{"totalCount":0,"totalWait":0,"firebaseDbUrl":"https://fortunemeets-prod-35.firebaseio.com/"},"ZZFA000077645":{"totalCount":0,"totalWait":0,"firebaseDbUrl":"https://fortunemeets-prod-36.firebaseio.com/"},"ZZFA000077646":{"totalCount":0,"totalWait":0,"firebaseDbUrl":"https://fortunemeets-prod-37.firebaseio.com/"},"ZZFA000077647":{"totalCount":0,"totalWait":0,"firebaseDbUrl":"https://fortunemeets-prod-38.firebaseio.com/"},"ZZFA000077648":{"totalCount":0,"totalWait":0,"firebaseDbUrl":"https://fortunemeets-prod-39.firebaseio.com/"},"ZZFA000077649":{"totalCount":0,"totalWait":0,"firebaseDbUrl":"https://fortunemeets-prod-40.firebaseio.com/"},"ZZFA000077650":{"totalCount":0,"totalWait":0,"firebaseDbUrl":"https://fortunemeets-prod-41.firebaseio.com/"},"ZZFA000077651":{"totalCount":0,"totalWait":0,"firebaseDbUrl":"https://fortunemeets-prod-42.firebaseio.com/"},"ZZFA000077652":{"totalCount":0,"totalWait":0,"firebaseDbUrl":"https://fortunemeets-prod-43.firebaseio.com/"},"ZZFA000077653":{"totalCount":0,"totalWait":0,"firebaseDbUrl":"https://fortunemeets-prod-44.firebaseio.com/"},"ZZFA000077654":{"totalCount":0,"totalWait":0,"firebaseDbUrl":"https://fortunemeets-prod-45.firebaseio.com/"},"ZZFA000077655":{"totalCount":0,"totalWait":0,"firebaseDbUrl":"https://fortunemeets-prod-46.firebaseio.com/"},"ZZFA000077656":{"totalCount":0,"totalWait":0,"firebaseDbUrl":"https://fortunemeets-prod-47.firebaseio.com/"},"ZZFA000077657":{"totalCount":0,"totalWait":0,"firebaseDbUrl":"https://fortunemeets-prod-48.firebaseio.com/"},"ZZFA000077658":{"totalCount":0,"totalWait":0,"firebaseDbUrl":"https://fortunemeets-prod-49.firebaseio.com/"},"ZZFA000077659":{"totalCount":0,"totalWait":0,"firebaseDbUrl":"https://fortunemeets-prod-50.firebaseio.com/"},"ZZFA000077660":{"totalCount":0,"totalWait":0,"firebaseDbUrl":"https://fortunemeets-prod-51.firebaseio.com/"}}},{"e_id":"e24083","long_messsage":null,"short_message":null,"firebase_db_url":"https://fortunemeets-prod.firebaseio.com/","members":{"ZZFA000077661":{"totalCount":2,"totalWait":58,"firebaseDbUrl":"https://fortunemeets-prod-25.firebaseio.com/"},"ZZFA000077662":{"totalCount":23,"totalWait":788.5,"firebaseDbUrl":"https://fortunemeets-prod-26.firebaseio.com/"},"ZZFA000077663":{"totalCount":0,"totalWait":0,"firebaseDbUrl":"https://fortunemeets-prod-27.firebaseio.com/"},"ZZFA000077664":{"totalCount":17,"totalWait":731.5,"firebaseDbUrl":"https://fortunemeets-prod-28.firebaseio.com/"},"ZZFA000077665":{"totalCount":2,"totalWait":67,"firebaseDbUrl":"https://fortunemeets-prod-29.firebaseio.com/"},"ZZFA000077666":{"totalCount":43,"totalWait":1539.5,"firebaseDbUrl":"https://fortunemeets-prod-30.firebaseio.com/"},"ZZFA000077667":{"totalCount":10,"totalWait":389,"firebaseDbUrl":"https://fortunemeets-prod-31.firebaseio.com/"},"ZZFA000077668":{"totalCount":8,"totalWait":250,"firebaseDbUrl":"https://fortunemeets-prod-32.firebaseio.com/"},"ZZFA000077669":{"totalCount":35,"totalWait":1262.5,"firebaseDbUrl":"https://fortunemeets-prod-33.firebaseio.com/"},"ZZFA000077670":{"totalCount":47,"totalWait":1430.5,"firebaseDbUrl":"https://fortunemeets-prod-34.firebaseio.com/"},"ZZFA000077671":{"totalCount":52,"totalWait":1553,"firebaseDbUrl":"https://fortunemeets-prod-35.firebaseio.com/"},"ZZFA000077672":{"totalCount":27,"totalWait":814.5,"firebaseDbUrl":"https://fortunemeets-prod-36.firebaseio.com/"},"ZZFA000077673":{"totalCount":33,"totalWait":1186.5,"firebaseDbUrl":"https://fortunemeets-prod-37.firebaseio.com/"},"ZZFA000077674":{"totalCount":62,"totalWait":1465,"firebaseDbUrl":"https://fortunemeets-prod-38.firebaseio.com/"},"ZZFA000077675":{"totalCount":32,"totalWait":1009,"firebaseDbUrl":"https://fortunemeets-prod-39.firebaseio.com/"},"ZZFA000077676":{"totalCount":46,"totalWait":1343,"firebaseDbUrl":"https://fortunemeets-prod-40.firebaseio.com/"},"ZZFA000077677":{"totalCount":47,"totalWait":1682.5,"firebaseDbUrl":"https://fortunemeets-prod-41.firebaseio.com/"},"ZZFA000077678":{"totalCount":30,"totalWait":969,"firebaseDbUrl":"https://fortunemeets-prod-42.firebaseio.com/"},"ZZFA000077679":{"totalCount":42,"totalWait":1263,"firebaseDbUrl":"https://fortunemeets-prod-43.firebaseio.com/"},"ZZFA000077680":{"totalCount":31,"totalWait":1047.5,"firebaseDbUrl":"https://fortunemeets-prod-44.firebaseio.com/"},"ZZFA000077681":{"totalCount":28,"totalWait":956,"firebaseDbUrl":"https://fortunemeets-prod-45.firebaseio.com/"},"ZZFA000077682":{"totalCount":34,"totalWait":1121,"firebaseDbUrl":"https://fortunemeets-prod-46.firebaseio.com/"},"ZZFA000077683":{"totalCount":33,"totalWait":1015.5,"firebaseDbUrl":"https://fortunemeets-prod-47.firebaseio.com/"},"ZZFA000077684":{"totalCount":36,"totalWait":1071,"firebaseDbUrl":"https://fortunemeets-prod-48.firebaseio.com/"},"ZZFA000077685":{"totalCount":41,"totalWait":1202.5,"firebaseDbUrl":"https://fortunemeets-prod-49.firebaseio.com/"},"ZZFA000077686":{"totalCount":42,"totalWait":1101,"firebaseDbUrl":"https://fortunemeets-prod-50.firebaseio.com/"},"ZZFA000077687":{"totalCount":44,"totalWait":1312,"firebaseDbUrl":"https://fortunemeets-prod-51.firebaseio.com/"}}},{"e_id":"e24084","long_messsage":null,"short_message":null,"firebase_db_url":"https://fortunemeets-prod.firebaseio.com/","members":{"ZZFA000077688":{"totalCount":0,"totalWait":0,"firebaseDbUrl":"https://fortunemeets-prod-25.firebaseio.com/"},"ZZFA000077689":{"totalCount":0,"totalWait":0,"firebaseDbUrl":"https://fortunemeets-prod-26.firebaseio.com/"},"ZZFA000077690":{"totalCount":0,"totalWait":0,"firebaseDbUrl":"https://fortunemeets-prod-27.firebaseio.com/"},"ZZFA000077691":{"totalCount":0,"totalWait":0,"firebaseDbUrl":"https://fortunemeets-prod-28.firebaseio.com/"},"ZZFA000077692":{"totalCount":0,"totalWait":0,"firebaseDbUrl":"https://fortunemeets-prod-29.firebaseio.com/"},"ZZFA000077693":{"totalCount":0,"totalWait":0,"firebaseDbUrl":"https://fortunemeets-prod-30.firebaseio.com/"},"ZZFA000077694":{"totalCount":0,"totalWait":0,"firebaseDbUrl":"https://fortunemeets-prod-31.firebaseio.com/"},"ZZFA000077695":{"totalCount":0,"totalWait":0,"firebaseDbUrl":"https://fortunemeets-prod-32.firebaseio.com/"},"ZZFA000077696":{"totalCount":0,"totalWait":0,"firebaseDbUrl":"https://fortunemeets-prod-33.firebaseio.com/"},"ZZFA000077697":{"totalCount":0,"totalWait":0,"firebaseDbUrl":"https://fortunemeets-prod-34.firebaseio.com/"},"ZZFA000077698":{"totalCount":0,"totalWait":0,"firebaseDbUrl":"https://fortunemeets-prod-35.firebaseio.com/"},"ZZFA000077699":{"totalCount":0,"totalWait":0,"firebaseDbUrl":"https://fortunemeets-prod-36.firebaseio.com/"},"ZZFA000077700":{"totalCount":0,"totalWait":0,"firebaseDbUrl":"https://fortunemeets-prod-37.firebaseio.com/"},"ZZFA000077701":{"totalCount":0,"totalWait":0,"firebaseDbUrl":"https://fortunemeets-prod-38.firebaseio.com/"},"ZZFA000077702":{"totalCount":0,"totalWait":0,"firebaseDbUrl":"https://fortunemeets-prod-39.firebaseio.com/"},"ZZFA000077703":{"totalCount":0,"totalWait":0,"firebaseDbUrl":"https://fortunemeets-prod-40.firebaseio.com/"},"ZZFA000077704":{"totalCount":0,"totalWait":0,"firebaseDbUrl":"https://fortunemeets-prod-41.firebaseio.com/"},"ZZFA000077705":{"totalCount":0,"totalWait":0,"firebaseDbUrl":"https://fortunemeets-prod-42.firebaseio.com/"},"ZZFA000077706":{"totalCount":0,"totalWait":0,"firebaseDbUrl":"https://fortunemeets-prod-43.firebaseio.com/"},"ZZFA000077707":{"totalCount":0,"totalWait":0,"firebaseDbUrl":"https://fortunemeets-prod-44.firebaseio.com/"},"ZZFA000077708":{"totalCount":0,"totalWait":0,"firebaseDbUrl":"https://fortunemeets-prod-45.firebaseio.com/"},"ZZFA000077709":{"totalCount":0,"totalWait":0,"firebaseDbUrl":"https://fortunemeets-prod-46.firebaseio.com/"},"ZZFA000077710":{"totalCount":0,"totalWait":0,"firebaseDbUrl":"https://fortunemeets-prod-47.firebaseio.com/"},"ZZFA000077711":{"totalCount":0,"totalWait":0,"firebaseDbUrl":"https://fortunemeets-prod-48.firebaseio.com/"},"ZZFA000077712":{"totalCount":0,"totalWait":0,"firebaseDbUrl":"https://fortunemeets-prod-49.firebaseio.com/"},"ZZFA000077713":{"totalCount":0,"totalWait":0,"firebaseDbUrl":"https://fortunemeets-prod-50.firebaseio.com/"},"ZZFA000077714":{"totalCount":0,"totalWait":0,"firebaseDbUrl":"https://fortunemeets-prod-51.firebaseio.com/"}}},{"e_id":"e24085","long_messsage":null,"short_message":null,"firebase_db_url":"https://fortunemeets-prod.firebaseio.com/","members":{"ZZFA000077715":{"totalCount":0,"totalWait":0,"firebaseDbUrl":"https://fortunemeets-prod-25.firebaseio.com/"},"ZZFA000077716":{"totalCount":0,"totalWait":0,"firebaseDbUrl":"https://fortunemeets-prod-26.firebaseio.com/"},"ZZFA000077717":{"totalCount":0,"totalWait":0,"firebaseDbUrl":"https://fortunemeets-prod-27.firebaseio.com/"},"ZZFA000077718":{"totalCount":0,"totalWait":0,"firebaseDbUrl":"https://fortunemeets-prod-28.firebaseio.com/"},"ZZFA000077719":{"totalCount":0,"totalWait":0,"firebaseDbUrl":"https://fortunemeets-prod-29.firebaseio.com/"},"ZZFA000077720":{"totalCount":0,"totalWait":0,"firebaseDbUrl":"https://fortunemeets-prod-30.firebaseio.com/"},"ZZFA000077721":{"totalCount":0,"totalWait":0,"firebaseDbUrl":"https://fortunemeets-prod-31.firebaseio.com/"},"ZZFA000077722":{"totalCount":0,"totalWait":0,"firebaseDbUrl":"https://fortunemeets-prod-32.firebaseio.com/"},"ZZFA000077723":{"totalCount":0,"totalWait":0,"firebaseDbUrl":"https://fortunemeets-prod-33.firebaseio.com/"},"ZZFA000077724":{"totalCount":0,"totalWait":0,"firebaseDbUrl":"https://fortunemeets-prod-34.firebaseio.com/"},"ZZFA000077725":{"totalCount":0,"totalWait":0,"firebaseDbUrl":"https://fortunemeets-prod-35.firebaseio.com/"},"ZZFA000077726":{"totalCount":0,"totalWait":0,"firebaseDbUrl":"https://fortunemeets-prod-36.firebaseio.com/"},"ZZFA000077727":{"totalCount":0,"totalWait":0,"firebaseDbUrl":"https://fortunemeets-prod-37.firebaseio.com/"},"ZZFA000077728":{"totalCount":0,"totalWait":0,"firebaseDbUrl":"https://fortunemeets-prod-38.firebaseio.com/"},"ZZFA000077729":{"totalCount":0,"totalWait":0,"firebaseDbUrl":"https://fortunemeets-prod-39.firebaseio.com/"},"ZZFA000077730":{"totalCount":0,"totalWait":0,"firebaseDbUrl":"https://fortunemeets-prod-40.firebaseio.com/"},"ZZFA000077731":{"totalCount":0,"totalWait":0,"firebaseDbUrl":"https://fortunemeets-prod-41.firebaseio.com/"},"ZZFA000077732":{"totalCount":0,"totalWait":0,"firebaseDbUrl":"https://fortunemeets-prod-42.firebaseio.com/"},"ZZFA000077733":{"totalCount":0,"totalWait":0,"firebaseDbUrl":"https://fortunemeets-prod-43.firebaseio.com/"},"ZZFA000077734":{"totalCount":0,"totalWait":0,"firebaseDbUrl":"https://fortunemeets-prod-44.firebaseio.com/"},"ZZFA000077735":{"totalCount":0,"totalWait":0,"firebaseDbUrl":"https://fortunemeets-prod-45.firebaseio.com/"},"ZZFA000077736":{"totalCount":0,"totalWait":0,"firebaseDbUrl":"https://fortunemeets-prod-46.firebaseio.com/"},"ZZFA000077737":{"totalCount":0,"totalWait":0,"firebaseDbUrl":"https://fortunemeets-prod-47.firebaseio.com/"},"ZZFA000077738":{"totalCount":0,"totalWait":0,"firebaseDbUrl":"https://fortunemeets-prod-48.firebaseio.com/"},"ZZFA000077739":{"totalCount":0,"totalWait":0,"firebaseDbUrl":"https://fortunemeets-prod-49.firebaseio.com/"},"ZZFA000077740":{"totalCount":0,"totalWait":0,"firebaseDbUrl":"https://fortunemeets-prod-50.firebaseio.com/"},"ZZFA000077741":{"totalCount":0,"totalWait":0,"firebaseDbUrl":"https://fortunemeets-prod-51.firebaseio.com/"}}},{"e_id":"e24086","long_messsage":null,"short_message":null,"firebase_db_url":"https://fortunemeets-prod.firebaseio.com/","members":{"ZZFA000077742":{"totalCount":0,"totalWait":0,"firebaseDbUrl":"https://fortunemeets-prod-25.firebaseio.com/"},"ZZFA000077743":{"totalCount":0,"totalWait":0,"firebaseDbUrl":"https://fortunemeets-prod-26.firebaseio.com/"},"ZZFA000077744":{"totalCount":0,"totalWait":0,"firebaseDbUrl":"https://fortunemeets-prod-27.firebaseio.com/"},"ZZFA000077745":{"totalCount":0,"totalWait":0,"firebaseDbUrl":"https://fortunemeets-prod-28.firebaseio.com/"},"ZZFA000077746":{"totalCount":0,"totalWait":0,"firebaseDbUrl":"https://fortunemeets-prod-29.firebaseio.com/"},"ZZFA000077747":{"totalCount":0,"totalWait":0,"firebaseDbUrl":"https://fortunemeets-prod-30.firebaseio.com/"},"ZZFA000077748":{"totalCount":0,"totalWait":0,"firebaseDbUrl":"https://fortunemeets-prod-31.firebaseio.com/"},"ZZFA000077749":{"totalCount":0,"totalWait":0,"firebaseDbUrl":"https://fortunemeets-prod-32.firebaseio.com/"},"ZZFA000077750":{"totalCount":0,"totalWait":0,"firebaseDbUrl":"https://fortunemeets-prod-33.firebaseio.com/"},"ZZFA000077751":{"totalCount":0,"totalWait":0,"firebaseDbUrl":"https://fortunemeets-prod-34.firebaseio.com/"},"ZZFA000077752":{"totalCount":0,"totalWait":0,"firebaseDbUrl":"https://fortunemeets-prod-35.firebaseio.com/"},"ZZFA000077753":{"totalCount":0,"totalWait":0,"firebaseDbUrl":"https://fortunemeets-prod-36.firebaseio.com/"},"ZZFA000077754":{"totalCount":0,"totalWait":0,"firebaseDbUrl":"https://fortunemeets-prod-37.firebaseio.com/"},"ZZFA000077755":{"totalCount":0,"totalWait":0,"firebaseDbUrl":"https://fortunemeets-prod-38.firebaseio.com/"},"ZZFA000077756":{"totalCount":0,"totalWait":0,"firebaseDbUrl":"https://fortunemeets-prod-39.firebaseio.com/"},"ZZFA000077757":{"totalCount":0,"totalWait":0,"firebaseDbUrl":"https://fortunemeets-prod-40.firebaseio.com/"},"ZZFA000077758":{"totalCount":0,"totalWait":0,"firebaseDbUrl":"https://fortunemeets-prod-41.firebaseio.com/"},"ZZFA000077759":{"totalCount":0,"totalWait":0,"firebaseDbUrl":"https://fortunemeets-prod-42.firebaseio.com/"},"ZZFA000077760":{"totalCount":0,"totalWait":0,"firebaseDbUrl":"https://fortunemeets-prod-43.firebaseio.com/"},"ZZFA000077761":{"totalCount":0,"totalWait":0,"firebaseDbUrl":"https://fortunemeets-prod-44.firebaseio.com/"},"ZZFA000077762":{"totalCount":0,"totalWait":0,"firebaseDbUrl":"https://fortunemeets-prod-45.firebaseio.com/"},"ZZFA000077763":{"totalCount":0,"totalWait":0,"firebaseDbUrl":"https://fortunemeets-prod-46.firebaseio.com/"},"ZZFA000077764":{"totalCount":0,"totalWait":0,"firebaseDbUrl":"https://fortunemeets-prod-47.firebaseio.com/"},"ZZFA000077765":{"totalCount":0,"totalWait":0,"firebaseDbUrl":"https://fortunemeets-prod-48.firebaseio.com/"},"ZZFA000077766":{"totalCount":0,"totalWait":0,"firebaseDbUrl":"https://fortunemeets-prod-49.firebaseio.com/"},"ZZFA000077767":{"totalCount":0,"totalWait":0,"firebaseDbUrl":"https://fortunemeets-prod-50.firebaseio.com/"},"ZZFA000077768":{"totalCount":0,"totalWait":0,"firebaseDbUrl":"https://fortunemeets-prod-51.firebaseio.com/"}}},{"e_id":"e24087","long_messsage":null,"short_message":null,"firebase_db_url":"https://fortunemeets-prod.firebaseio.com/","members":{"ZZFA000077769":{"totalCount":0,"totalWait":0,"firebaseDbUrl":"https://fortunemeets-prod-25.firebaseio.com/"},"ZZFA000077770":{"totalCount":0,"totalWait":0,"firebaseDbUrl":"https://fortunemeets-prod-26.firebaseio.com/"},"ZZFA000077771":{"totalCount":0,"totalWait":0,"firebaseDbUrl":"https://fortunemeets-prod-27.firebaseio.com/"},"ZZFA000077772":{"totalCount":0,"totalWait":0,"firebaseDbUrl":"https://fortunemeets-prod-28.firebaseio.com/"},"ZZFA000077773":{"totalCount":0,"totalWait":0,"firebaseDbUrl":"https://fortunemeets-prod-29.firebaseio.com/"},"ZZFA000077774":{"totalCount":0,"totalWait":0,"firebaseDbUrl":"https://fortunemeets-prod-30.firebaseio.com/"},"ZZFA000077775":{"totalCount":0,"totalWait":0,"firebaseDbUrl":"https://fortunemeets-prod-31.firebaseio.com/"},"ZZFA000077776":{"totalCount":0,"totalWait":0,"firebaseDbUrl":"https://fortunemeets-prod-32.firebaseio.com/"},"ZZFA000077777":{"totalCount":0,"totalWait":0,"firebaseDbUrl":"https://fortunemeets-prod-33.firebaseio.com/"},"ZZFA000077778":{"totalCount":0,"totalWait":0,"firebaseDbUrl":"https://fortunemeets-prod-34.firebaseio.com/"},"ZZFA000077779":{"totalCount":0,"totalWait":0,"firebaseDbUrl":"https://fortunemeets-prod-35.firebaseio.com/"},"ZZFA000077780":{"totalCount":0,"totalWait":0,"firebaseDbUrl":"https://fortunemeets-prod-36.firebaseio.com/"},"ZZFA000077781":{"totalCount":0,"totalWait":0,"firebaseDbUrl":"https://fortunemeets-prod-37.firebaseio.com/"},"ZZFA000077782":{"totalCount":0,"totalWait":0,"firebaseDbUrl":"https://fortunemeets-prod-38.firebaseio.com/"},"ZZFA000077783":{"totalCount":0,"totalWait":0,"firebaseDbUrl":"https://fortunemeets-prod-39.firebaseio.com/"},"ZZFA000077784":{"totalCount":0,"totalWait":0,"firebaseDbUrl":"https://fortunemeets-prod-40.firebaseio.com/"},"ZZFA000077785":{"totalCount":0,"totalWait":0,"firebaseDbUrl":"https://fortunemeets-prod-41.firebaseio.com/"},"ZZFA000077786":{"totalCount":0,"totalWait":0,"firebaseDbUrl":"https://fortunemeets-prod-42.firebaseio.com/"},"ZZFA000077787":{"totalCount":0,"totalWait":0,"firebaseDbUrl":"https://fortunemeets-prod-43.firebaseio.com/"},"ZZFA000077788":{"totalCount":0,"totalWait":0,"firebaseDbUrl":"https://fortunemeets-prod-44.firebaseio.com/"},"ZZFA000077789":{"totalCount":0,"totalWait":0,"firebaseDbUrl":"https://fortunemeets-prod-45.firebaseio.com/"},"ZZFA000077790":{"totalCount":0,"totalWait":0,"firebaseDbUrl":"https://fortunemeets-prod-46.firebaseio.com/"},"ZZFA000077791":{"totalCount":0,"totalWait":0,"firebaseDbUrl":"https://fortunemeets-prod-47.firebaseio.com/"},"ZZFA000077792":{"totalCount":0,"totalWait":0,"firebaseDbUrl":"https://fortunemeets-prod-48.firebaseio.com/"},"ZZFA000077793":{"totalCount":0,"totalWait":0,"firebaseDbUrl":"https://fortunemeets-prod-49.firebaseio.com/"},"ZZFA000077794":{"totalCount":0,"totalWait":0,"firebaseDbUrl":"https://fortunemeets-prod-50.firebaseio.com/"},"ZZFA000077795":{"totalCount":0,"totalWait":0,"firebaseDbUrl":"https://fortunemeets-prod-51.firebaseio.com/"}}}]}